{
  "JavaScript разработчик": {
    "языки программирования": {
      "JavaScript": {
        "count": 140
      },
      "TypeScript": {
        "count": 40
      },
      "CSS": {
        "count": 80
      },
      "PHP": {
        "count": 20
      },
      "HTML": {
        "count": 80
      },
      "Vue.js": {
        "count": 40
      },
      "CSS3": {
        "count": 40
      },
      "Vue": {
        "count": 20
      },
      "react": {
        "count": 20
      },
      "TtypeScript": {
        "count": 20
      },
      "Node.js": {
        "count": 40
      },
      "scss": {
        "count": 20
      },
      "HTML5": {
        "count": 20
      }
    },
    "технологии": {
      "PostgreSQL": {
        "count": 20
      },
      "Git": {
        "count": 60
      },
      "MySQL": {
        "count": 40
      },
      "Firebase": {
        "count": 20
      },
      "Google Cloud": {
        "count": 20
      },
      "Webpack": {
        "count": 20
      },
      "Cordova": {
        "count": 20
      },
      "Bitbucket": {
        "count": 20
      },
      "Composer": {
        "count": 20
      }
    },
    "методологии и стандарты": {
      "ООП": {
        "count": 40
      }
    },
    "навыки": {
      "Английский — B1 — Средний": {
        "count": 20
      },
      "Atlassian Jira": {
        "count": 20
      },
      "Удаленная работа": {
        "count": 20
      },
      "Yii": {
        "count": 20
      },
      "JS": {
        "count": 20
      },
      "PHP5": {
        "count": 20
      },
      "Веб-программирование": {
        "count": 20
      },
      "Работа в команде": {
        "count": 20
      },
      "e2e": {
        "count": 20
      },
      "unit тесты": {
        "count": 20
      },
      "Мобильные приложения": {
        "count": 20
      },
      "Разработка компьютерных Игр": {
        "count": 20
      },
      "React": {
        "count": 20
      },
      "figma": {
        "count": 20
      },
      "Yii2": {
        "count": 20
      }
    }
  }
}