{
  "1C Developer": {
    "Базы данных": {
      "SQL": {
        "count": 20
      },
      "Работа с базами данных": {
        "count": 20
      }
    },
    "skills": {
      "Аналитическое мышление": {
        "count": 20
      },
      "Бизнес-анализ": {
        "count": 20
      },
      "Тестирование интеграций между системами": {
        "count": 20
      },
      "Регрессионное тестирование": {
        "count": 20
      },
      "Функциональное тестирование": {
        "count": 20
      },
      "Тестирование пользовательского интерфейса": {
        "count": 20
      },
      "Разработка технических заданий": {
        "count": 20
      },
      "автотест": {
        "count": 20
      },
      "Проведение тестирований": {
        "count": 20
      },
      "Vanessa-Automation": {
        "count": 20
      },
      "Уверенный пользователь ПК": {
        "count": 20
      },
      "Знание программы 1С": {
        "count": 20
      },
      "Знание 1С Предприятие": {
        "count": 20
      },
      "приходные и расходные операции": {
        "count": 20
      },
      "1С программирование": {
        "count": 40
      },
      "Обновление конфигурации 1С": {
        "count": 20
      },
      "Создание конфигурации 1С": {
        "count": 20
      },
      "Разработка расширений": {
        "count": 20
      },
      "Готовность к командировкам": {
        "count": 20
      },
      "Ответственный подход к работе": {
        "count": 20
      },
      "Работа в команде": {
        "count": 20
      },
      "Работа в условиях многозадачности": {
        "count": 20
      },
      "Эффективность": {
        "count": 20
      },
      "Логика": {
        "count": 20
      },
      "Готов к переезду": {
        "count": 20
      }
    },
    "1C Products": {
      "1С ЕРП": {
        "count": 20
      },
      "1С УТ": {
        "count": 20
      },
      "1С: Управление Торговлей": {
        "count": 80
      },
      "ERP-системы на базе 1С": {
        "count": 40
      },
      "1С: Бухгалтерия": {
        "count": 60
      },
      "1С: Предприятие 8": {
        "count": 40
      },
      "1С: Розница": {
        "count": 40
      },
      "1С: Торговля": {
        "count": 40
      },
      "1C: Предприятие": {
        "count": 20
      },
      "1C: Бухгалтерия": {
        "count": 20
      },
      "1С: Документооборот": {
        "count": 20
      },
      "1С: Зарплата и управление персоналом": {
        "count": 20
      },
      "1C ERP": {
        "count": 20
      }
    }
  }
}