{
  "Oracle Developer": {
    "databases": {
      "PostgreSQL": {
        "count": 40
      },
      "ORACLE": {
        "count": 100
      },
      "SQL": {
        "count": 60
      },
      "ETL": {
        "count": 60
      },
      "ORACLE PL/SQL.": {
        "count": 20
      },
      "PostgreSQL PL/pgSQL": {
        "count": 20
      },
      "Oracle Pl/SQL": {
        "count": 40
      },
      "База данных: Oracle": {
        "count": 20
      },
      "DWH": {
        "count": 40
      },
      "teradata": {
        "count": 20
      }
    },
    "technologies": {
      "JavaScript": {
        "count": 20
      },
      "SOAP": {
        "count": 20
      },
      "HTML": {
        "count": 20
      },
      "XML/Xslt": {
        "count": 20
      },
      "Xsd": {
        "count": 20
      }
    },
    "tools": {
      "Linux": {
        "count": 20
      },
      "Atlassian Jira": {
        "count": 20
      },
      "Atlassian Confluence": {
        "count": 20
      }
    },
    "other": {
      "Базы данных": {
        "count": 40
      },
      "СУБД": {
        "count": 20
      },
      "SOA": {
        "count": 20
      }
    }
  }
}