{
  "SQL-разработчик": {
    "Основные навыки SQL": {
      "SQL": {
        "count": 100
      },
      "T-SQL (Transact-SQL)": {
        "count": 90
      },
      "PL/SQL": {
        "count": 80
      },
      "PostgreSQL": {
        "count": 85
      },
      "MS SQL Server": {
        "count": 90
      },
      "Оптимизация запросов": {
        "count": 80
      },
      "Хранимые процедуры и функции": {
        "count": 80
      }
    },
    "Инструменты и среды": {
      "MS Excel (продвинутый уровень)": {
        "count": 80
      }
    },
    "Аналитика и отчётность": {
      "Анализ данных": {
        "count": 80
      }
    },
    "Гибкие навыки (soft skills)": {
      "Аналитическое мышление": {
        "count": 80
      }
    }
  }
}