{
  "Системный аналитик": {
    "языки программирования": {
      "Python": {
        "count": 20
      }
    },
    "технологии": {
      "Kafka": {
        "count": 60
      },
      "SOAP": {
        "count": 40
      },
      "REST": {
        "count": 60
      },
      "API": {
        "count": 40
      },
      "HTML": {
        "count": 20
      },
      "Transact-SQL": {
        "count": 20
      },
      "XML": {
        "count": 20
      }
    },
    "методологии и стандарты": {
      "BPMN": {
        "count": 100
      },
      "Agile Project Management": {
        "count": 20
      },
      "Scrum": {
        "count": 20
      },
      "UML": {
        "count": 80
      },
      "IDEF0": {
        "count": 20
      },
      "SLA": {
        "count": 20
      }
    },
    "навыки": {
      "Английский язык": {
        "count": 20
      },
      "Аналитическое мышление": {
        "count": 40
      },
      "Jira": {
        "count": 40
      },
      "Сбор и анализ информации": {
        "count": 60
      },
      "Аналитика": {
        "count": 20
      },
      "Бизнес-анализ": {
        "count": 20
      },
      "Функциональное тестирование": {
        "count": 40
      },
      "Разработка технических заданий": {
        "count": 100
      },
      "Проведение тестирований": {
        "count": 20
      },
      "Atlassian Confluence": {
        "count": 60
      },
      "Постановка задач разработчикам": {
        "count": 60
      },
      "Системный анализ": {
        "count": 60
      },
      "Аналитические исследования": {
        "count": 20
      },
      "Информационные технологии": {
        "count": 20
      },
      "Обучение и развитие": {
        "count": 20
      },
      "Разработка инструкций": {
        "count": 20
      },
      "Автоматизация процессов": {
        "count": 20
      },
      "Моделирование бизнес процессов": {
        "count": 20
      },
      "Техническая поддержка": {
        "count": 20
      },
      "Проектная документация": {
        "count": 20
      },
      "Грамотная речь": {
        "count": 20
      },
      "Техническое обслуживание": {
        "count": 20
      }
    }
  }
}