{
  "PHP Developer": {
    "programming_languages": {
      "PHP": {
        "count": 160
      },
      "CSS": {
        "count": 60
      },
      "jQuery": {
        "count": 60
      }
    },
    "databases": {
      "MySQL": {
        "count": 140
      },
      "REST": {
        "count": 60
      }
    },
    "frameworks": {
      "Symfony": {
        "count": 60
      }
    },
    "other": {
      "Git": {
        "count": 160
      },
      "ООП": {
        "count": 100
      }
    }
  }
}