{
  "Python-разработчик": {
    "Языки программирования": {
      "Python": {
        "count": 100
      },
      "TypeScript": {
        "count": 15
      },
      "JavaScript": {
        "count": 10
      }
    },
    "Веб-фреймворки": {
      "Django": {
        "count": 80
      },
      "Flask": {
        "count": 60
      },
      "FastAPI": {
        "count": 85
      },
      "aiohttp": {
        "count": 50
      }
    },
    "Асинхронное программирование": {
      "AsyncIO": {
        "count": 60
      },
      "aiohttp": {
        "count": 50
      },
      "Celery": {
        "count": 55
      }
    },
    "Базы данных": {
      "PostgreSQL": {
        "count": 85
      },
      "MySQL": {
        "count": 50
      },
      "MongoDB": {
        "count": 50
      },
      "Redis": {
        "count": 60
      },
      "SQLAlchemy": {
        "count": 70
      },
      "Tortoise ORM": {
        "count": 30
      }
    },
    "Инструменты DevOps": {
      "Docker": {
        "count": 80
      },
      "Kubernetes": {
        "count": 60
      },
      "Nginx": {
        "count": 50
      },
      "Git": {
        "count": 90
      },
      "GitHub Actions": {
        "count": 60
      },
      "CI/CD": {
        "count": 70
      },
      "Terraform": {
        "count": 30
      }
    },
    "Тестирование": {
      "Pytest": {
        "count": 75
      },
      "UnitTest": {
        "count": 60
      },
      "Mock": {
        "count": 50
      },
      "Разработка через тестирование (TDD)": {
        "count": 55
      }
    },
    "Проектирование API": {
      "REST": {
        "count": 90
      },
      "GraphQL": {
        "count": 50
      },
      "OpenAPI / Swagger": {
        "count": 70
      },
      "SOAP": {
        "count": 20
      }
    },
    "Архитектура и проектирование ПО": {
      "ООП (объектно-ориентированное программирование)": {
        "count": 90
      },
      "Паттерны проектирования": {
        "count": 65
      },
      "Микросервисы": {
        "count": 75
      },
      "Чистая архитектура (Clean Architecture)": {
        "count": 60
      }
    },
    "Облачные платформы": {
      "AWS": {
        "count": 65
      },
      "GCP": {
        "count": 40
      },
      "Yandex Cloud": {
        "count": 30
      },
      "Azure": {
        "count": 35
      }
    },
    "Анализ данных и инструменты": {
      "Pandas": {
        "count": 60
      },
      "NumPy": {
        "count": 50
      },
      "Jupyter": {
        "count": 40
      },
      "Анализ данных": {
        "count": 50
      }
    },
    "Управление проектами": {
      "Jira": {
        "count": 50
      },
      "Agile / Scrum": {
        "count": 60
      },
      "Лидерство и наставничество": {
        "count": 55
      }
    },
    "Гибкие навыки (Soft Skills)": {
      "Аналитическое мышление": {
        "count": 70
      },
      "Английский язык — уровень B1": {
        "count": 60
      },
      "Коммуникабельность": {
        "count": 65
      },
      "Решение проблем": {
        "count": 70
      }
    }
  }
}