{
  "PHP Developer": {
    "programming_languages": {
      "PHP": {
        "count": 160
      },
      "JavaScript": {
        "count": 40
      },
      "HTML": {
        "count": 40
      },
      "CSS": {
        "count": 60
      },
      "jQuery": {
        "count": 60
      },
      "AJAX": {
        "count": 20
      }
    },
    "Базы данных": {
      "PostgreSQL": {
        "count": 20
      },
      "MySQL": {
        "count": 140
      },
      "SOAP": {
        "count": 40
      },
      "REST": {
        "count": 60
      },
      "API": {
        "count": 40
      },
      "REST API": {
        "count": 20
      },
      "Flash MySQL": {
        "count": 20
      },
      "Bitrix 24": {
        "count": 20
      },
      "ClickHouse": {
        "count": 20
      },
      "ORM": {
        "count": 20
      },
      "PHPUnit": {
        "count": 20
      },
      "LMS": {
        "count": 20
      },
      "LMS Moodle": {
        "count": 20
      },
      "Mustache": {
        "count": 20
      },
      "PHP5": {
        "count": 20
      },
      "Memcached": {
        "count": 20
      }
    },
    "frameworks": {
      "Symfony": {
        "count": 60
      },
      "Laravel": {
        "count": 20
      },
      "Yii": {
        "count": 40
      },
      "1С-Битрикс": {
        "count": 40
      },
      "Bitrix": {
        "count": 20
      },
      "Bitrix24": {
        "count": 20
      },
      "HTML/CSS": {
        "count": 20
      },
      "laravel": {
        "count": 20
      },
      "symphony": {
        "count": 20
      }
    },
    "other": {
      "Linux": {
        "count": 20
      },
      "Git": {
        "count": 160
      },
      "SQL": {
        "count": 20
      },
      "ООП": {
        "count": 100
      },
      "Docker": {
        "count": 40
      },
      "RabbitMQ": {
        "count": 20
      },
      "CI/CD": {
        "count": 20
      },
      "Jira": {
        "count": 20
      },
      "Базы данных": {
        "count": 20
      },
      "OpenAPI": {
        "count": 20
      },
      "XDebug": {
        "count": 20
      },
      "Asana": {
        "count": 20
      },
      "Стремление к профессиональному росту": {
        "count": 20
      },
      "Системность": {
        "count": 20
      },
      "Внимательность, ответственность": {
        "count": 20
      },
      "Agile Project Management": {
        "count": 20
      }
    }
  }
}