{
  "Python-разработчик": {
    "Языки программирования": {
      "Python": {
        "count": 100
      }
    },
    "Веб-фреймворки": {
      "Django": {
        "count": 80
      },
      "FastAPI": {
        "count": 85
      }
    },
    "Базы данных": {
      "PostgreSQL": {
        "count": 85
      }
    },
    "Инструменты DevOps": {
      "Docker": {
        "count": 80
      },
      "Git": {
        "count": 90
      }
    },
    "Проектирование API": {
      "REST": {
        "count": 90
      }
    },
    "Архитектура и проектирование ПО": {
      "ООП (объектно-ориентированное программирование)": {
        "count": 90
      }
    }
  }
}