{
  "Маркетинговый аналитик": {
    "языки программирования": {
      "SQL": {
        "count": 140
      },
      "Python": {
        "count": 60
      }
    },
    "технологии": {
      "Google Analytics": {
        "count": 80
      },
      "Яндекс.Метрика": {
        "count": 60
      }
    },
    "навыки": {
      "Аналитическое мышление": {
        "count": 80
      },
      "Аналитика": {
        "count": 60
      },
      "Аналитические исследования": {
        "count": 60
      },
      "Маркетинговый анализ": {
        "count": 80
      },
      "Веб-аналитика": {
        "count": 80
      },
      "Визуализация данных": {
        "count": 60
      },
      "A/B тесты": {
        "count": 60
      }
    }
  }
}