{
  "Финансовый аналитик": {
    "технологии": {
      "MS SQL Server": {
        "count": 20
      },
      "MS PowerPoint": {
        "count": 20
      }
    },
    "финансовый анализ": {
      "Финансовый анализ": {
        "count": 60
      },
      "Финансовое моделирование": {
        "count": 40
      },
      "Управленческая отчетность": {
        "count": 40
      },
      "Бюджетирование": {
        "count": 40
      },
      "Краткосрочное бюджетирование и планирование": {
        "count": 20
      },
      "Анализ текущих финансовых показателей": {
        "count": 20
      },
      "Финансовое планирование": {
        "count": 20
      },
      "Экономический анализ": {
        "count": 40
      },
      "Анализ бизнес показателей": {
        "count": 40
      }
    },
    "навыки": {
      "SQL": {
        "count": 20
      },
      "Аналитическое мышление": {
        "count": 20
      },
      "Английский — B1 — Средний": {
        "count": 20
      },
      "Математическая статистика": {
        "count": 20
      },
      "Сбор и анализ информации": {
        "count": 20
      },
      "Аналитика": {
        "count": 20
      },
      "Бизнес-анализ": {
        "count": 20
      },
      "Системный анализ": {
        "count": 20
      },
      "Управленческий учет": {
        "count": 20
      },
      "Финансовый контроль": {
        "count": 20
      },
      "База данных: Olap": {
        "count": 20
      },
      "Статистика": {
        "count": 20
      },
      "Аналитические способности": {
        "count": 20
      },
      "Умение планировать": {
        "count": 20
      },
      "Сводные таблицы": {
        "count": 20
      }
    }
  }
}