{
  "Java Developer": {
    "programming_languages": {
      "Java": {
        "count": 100
      },
      "Java EE": {
        "count": 20
      },
      "Groovy": {
        "count": 20
      },
      "JavaScript": {
        "count": 20
      },
      "TypeScript": {
        "count": 20
      }
    },
    "web_frameworks": {
      "Spring Framework": {
        "count": 100
      },
      "Spring Boot": {
        "count": 20
      },
      "Vaadin": {
        "count": 20
      },
      "Spring Data": {
        "count": 20
      },
      "Spring Cloud": {
        "count": 20
      }
    },
    "databases": {
      "PostgreSQL": {
        "count": 60
      },
      "Oracle": {
        "count": 20
      },
      "SQL": {
        "count": 20
      },
      "MS SQL": {
        "count": 20
      }
    },
    "tools": {
      "Hibernate ORM": {
        "count": 60
      },
      "Kafka": {
        "count": 20
      },
      "Git": {
        "count": 40
      },
      "Docker": {
        "count": 20
      },
      "RabbitMQ": {
        "count": 20
      },
      "Kubernetes": {
        "count": 20
      },
      "Jenkins": {
        "count": 20
      },
      "Gradle": {
        "count": 20
      },
      "Apache Maven": {
        "count": 20
      },
      "Unit Testing": {
        "count": 20
      },
      "Apache Zookeeper": {
        "count": 20
      },
      "Hazelcast": {
        "count": 20
      }
    },
    "other": {
      "Linux": {
        "count": 20
      },
      "Apache Flink": {
        "count": 20
      },
      "OpenShift": {
        "count": 20
      },
      "Apache Kafka": {
        "count": 20
      },
      "ООП": {
        "count": 20
      },
      "BPMN": {
        "count": 20
      },
      "Camunda": {
        "count": 40
      },
      "Английский язык": {
        "count": 20
      }
    }
  }
}