{
  "Бизнес-аналитик": {
    "методологии и стандарты": {
      "BPMN": {
        "count": 80
      }
    },
    "навыки": {
      "Аналитическое мышление": {
        "count": 60
      },
      "Бизнес-анализ": {
        "count": 140
      },
      "Разработка технических заданий": {
        "count": 60
      },
      "Оптимизация бизнес-процессов": {
        "count": 60
      }
    }
  }
}