{
  "Системный аналитик": {
    "технологии": {
      "Kafka": {
        "count": 60
      },
      "REST": {
        "count": 60
      }
    },
    "методологии и стандарты": {
      "BPMN": {
        "count": 100
      },
      "UML": {
        "count": 80
      }
    },
    "навыки": {
      "Сбор и анализ информации": {
        "count": 60
      },
      "Разработка технических заданий": {
        "count": 100
      },
      "Atlassian Confluence": {
        "count": 60
      },
      "Постановка задач разработчикам": {
        "count": 60
      },
      "Системный анализ": {
        "count": 60
      }
    }
  }
}