{
  "Бизнес-аналитик": {
    "технологии": {
      "MS Excel": {
        "count": 40
      },
      "Figma": {
        "count": 20
      },
      "1С: Предприятие 8": {
        "count": 20
      },
      "1C: Предприятие": {
        "count": 20
      },
      "Atlassian Confluence": {
        "count": 40
      },
      "MS PowerPoint": {
        "count": 20
      },
      "ARIS": {
        "count": 20
      },
      "APS": {
        "count": 20
      },
      "amoCRM": {
        "count": 20
      },
      "Sensei": {
        "count": 20
      },
      "Miro": {
        "count": 20
      }
    },
    "методологии и стандарты": {
      "BPMN": {
        "count": 80
      }
    },
    "навыки": {
      "SQL": {
        "count": 40
      },
      "Аналитическое мышление": {
        "count": 60
      },
      "Atlassian Jira": {
        "count": 40
      },
      "Анализ данных": {
        "count": 20
      },
      "Удаленная работа": {
        "count": 20
      },
      "Agile Project Management": {
        "count": 20
      },
      "ERP": {
        "count": 20
      },
      "Управление проектами": {
        "count": 20
      },
      "Data Analysis": {
        "count": 20
      },
      "Английский — A2 — Элементарный": {
        "count": 20
      },
      "Бизнес-анализ": {
        "count": 140
      },
      "Разработка технических заданий": {
        "count": 60
      },
      "Работа в команде": {
        "count": 20
      },
      "Работа в условиях многозадачности": {
        "count": 20
      },
      "Постановка задач разработчикам": {
        "count": 40
      },
      "Системный анализ": {
        "count": 40
      },
      "Моделирование бизнес процессов": {
        "count": 40
      },
      "Деловая коммуникация": {
        "count": 40
      },
      "Оценка потребностей клиентов": {
        "count": 20
      },
      "Маркетинговый анализ": {
        "count": 20
      },
      "Системное мышление": {
        "count": 20
      },
      "Работа с большим объемом информации": {
        "count": 40
      },
      "Управление командой": {
        "count": 20
      },
      "Техническое сопровождение": {
        "count": 20
      },
      "Грамотность": {
        "count": 20
      },
      "Цифровизация": {
        "count": 20
      },
      "ТОиР": {
        "count": 20
      },
      "Оптимизация бизнес-процессов": {
        "count": 60
      },
      "Деловая переписка": {
        "count": 20
      },
      "ГОСТ 34": {
        "count": 20
      },
      "РД 50-34": {
        "count": 20
      },
      "Управление производством": {
        "count": 20
      },
      "Реинжиниринг бизнес-процессов": {
        "count": 20
      },
      "Бизнес-моделирование": {
        "count": 20
      },
      "Описание бизнес-процессов": {
        "count": 20
      }
    }
  }
}