{
  "C++ Developer": {
    "programming_languages": {
      "C++": {
        "count": 240
      },
      "Python": {
        "count": 60
      },
      "Bash": {
        "count": 40
      },
      "Lua": {
        "count": 20
      },
      "MATLAB": {
        "count": 20
      },
      "Mathcad": {
        "count": 20
      },
      "Borland C++": {
        "count": 20
      },
      "Intel C++": {
        "count": 20
      },
      "CMake": {
        "count": 20
      },
      "С++": {
        "count": 20
      }
    },
    "databases": {
      "PostgreSQL": {
        "count": 40
      },
      "MS SQL": {
        "count": 40
      },
      "MySQL": {
        "count": 40
      }
    },
    "tools": {
      "Linux": {
        "count": 80
      },
      "Git": {
        "count": 60
      },
      "Docker": {
        "count": 20
      },
      "RabbitMQ": {
        "count": 20
      },
      "Unit Testing": {
        "count": 20
      },
      "Atlassian Jira": {
        "count": 20
      },
      "SVN": {
        "count": 20
      },
      "CMake": {
        "count": 20
      },
      "TCP/IP": {
        "count": 20
      },
      "UDP": {
        "count": 20
      },
      "Open CV": {
        "count": 20
      },
      "CAD": {
        "count": 20
      },
      "OpenGL": {
        "count": 20
      }
    },
    "libraries": {
      "ООП": {
        "count": 60
      },
      "STL": {
        "count": 60
      },
      "Boost": {
        "count": 20
      },
      "Qt": {
        "count": 60
      },
      "MFC": {
        "count": 40
      },
      "WinAPI": {
        "count": 40
      },
      "C/C++": {
        "count": 40
      },
      "Multithread Programming": {
        "count": 20
      },
      "Асинхронное программирование": {
        "count": 20
      },
      "Low latency": {
        "count": 20
      },
      "Data Analysis": {
        "count": 20
      }
    },
    "other": {
      "SQL": {
        "count": 80
      },
      "Английский язык": {
        "count": 20
      },
      "Английский — B1 — Средний": {
        "count": 40
      },
      "Ориентация на результат": {
        "count": 20
      },
      "ERP": {
        "count": 40
      },
      "Управление проектами": {
        "count": 20
      },
      "Разработка ПО": {
        "count": 60
      },
      "MS Visual C++": {
        "count": 40
      },
      "Conan": {
        "count": 20
      },
      "Organizational skills": {
        "count": 20
      },
      "E-Learning": {
        "count": 20
      },
      "Научная деятельность": {
        "count": 20
      },
      "Presentation skills": {
        "count": 20
      },
      "Лидерские качества": {
        "count": 20
      },
      "Веб-программирование": {
        "count": 20
      },
      "Организаторские навыки": {
        "count": 20
      },
      "Английский — A1 — Начальный": {
        "count": 20
      },
      "Разработка робототехники": {
        "count": 20
      }
    }
  }
}