{
  "C# Developer": {
    "programming_languages": {
      "C#": {
        "count": 40
      }
    },
    "Базы данных": {
      "PostgreSQL": {
        "count": 20
      },
      "SQL": {
        "count": 20
      },
      "MS SQL": {
        "count": 20
      },
      "Redis": {
        "count": 20
      }
    },
    "frameworks": {
      "ASP.NET": {
        "count": 40
      },
      ".net core": {
        "count": 20
      }
    },
    "other": {
      "Разработка ПО": {
        "count": 20
      },
      "С#": {
        "count": 20
      },
      "СУБД": {
        "count": 20
      }
    }
  }
}