{
  "iOS Developer": {
    "programming_languages": {
      "Swift": {
        "count": 120
      },
      "Objective-C": {
        "count": 20
      }
    },
    "frameworks": {
      "UIKit": {
        "count": 40
      },
      "Combine": {
        "count": 20
      },
      "SwiftUI": {
        "count": 20
      }
    },
    "tools": {
      "Git": {
        "count": 20
      },
      "CocoaPods": {
        "count": 20
      }
    },
    "other": {
      "ООП": {
        "count": 40
      },
      "HTML": {
        "count": 20
      },
      "Английский — A2 — Элементарный": {
        "count": 20
      },
      "iOS": {
        "count": 140
      },
      "SOLID": {
        "count": 40
      },
      "WebSocket": {
        "count": 20
      },
      "Проектный менеджмент": {
        "count": 20
      },
      "ASO": {
        "count": 20
      },
      "Project management": {
        "count": 20
      },
      "Product Management": {
        "count": 20
      },
      "UI": {
        "count": 20
      },
      "UX": {
        "count": 20
      },
      "Figma": {
        "count": 20
      }
    }
  }
}