{
  "Маркетинговый аналитик": {
    "языки программирования": {
      "SQL": {
        "count": 140
      }
    },
    "технологии": {
      "Google Analytics": {
        "count": 80
      }
    },
    "навыки": {
      "Аналитическое мышление": {
        "count": 80
      },
      "Маркетинговый анализ": {
        "count": 80
      },
      "Веб-аналитика": {
        "count": 80
      }
    }
  }
}