{
  "Маркетинговый аналитик": {
    "языки программирования": {
      "SQL": {
        "count": 140
      },
      "Python": {
        "count": 60
      }
    },
    "технологии": {
      "MS Excel": {
        "count": 20
      },
      "Google Analytics": {
        "count": 80
      },
      "Яндекс.Метрика": {
        "count": 60
      },
      "Tableau": {
        "count": 20
      }
    },
    "навыки": {
      "Аналитическое мышление": {
        "count": 80
      },
      "Английский — B1 — Средний": {
        "count": 20
      },
      "Анализ данных": {
        "count": 20
      },
      "Английский — B2 — Средне-продвинутый": {
        "count": 40
      },
      "Математическая статистика": {
        "count": 20
      },
      "Сбор и анализ информации": {
        "count": 40
      },
      "Аналитика": {
        "count": 60
      },
      "Работа с базами данных": {
        "count": 40
      },
      "Работа в команде": {
        "count": 20
      },
      "Аналитические исследования": {
        "count": 60
      },
      "Маркетинговый анализ": {
        "count": 80
      },
      "Работа с большим объемом информации": {
        "count": 40
      },
      "Управление командой": {
        "count": 20
      },
      "Анализ трафика": {
        "count": 40
      },
      "Gamedev": {
        "count": 20
      },
      "Английский язык (Upper-Intermediate)": {
        "count": 20
      },
      "Calltouch": {
        "count": 20
      },
      "Веб-аналитика": {
        "count": 80
      },
      "Подготовка презентаций": {
        "count": 20
      },
      "Визуализация данных": {
        "count": 60
      },
      "A/B тесты": {
        "count": 60
      },
      "Разработка маркетинговой стратегии": {
        "count": 20
      },
      "Internet Marketing": {
        "count": 20
      },
      "Прогнозирование": {
        "count": 20
      },
      "Маркетинговые исследования": {
        "count": 40
      },
      "Интернет маркетинг": {
        "count": 20
      },
      "Интернет-реклама": {
        "count": 20
      },
      "SEO": {
        "count": 20
      },
      "WEB аналитика": {
        "count": 40
      },
      "Ad Hoc Analysis": {
        "count": 20
      },
      "Креативность": {
        "count": 20
      }
    }
  }
}