{
  "C++ Developer": {
    "programming_languages": {
      "C++": {
        "count": 240
      },
      "Python": {
        "count": 60
      }
    },
    "tools": {
      "Linux": {
        "count": 80
      },
      "Git": {
        "count": 60
      }
    },
    "libraries": {
      "ООП": {
        "count": 60
      },
      "STL": {
        "count": 60
      },
      "Qt": {
        "count": 60
      }
    },
    "other": {
      "SQL": {
        "count": 80
      },
      "Разработка ПО": {
        "count": 60
      }
    }
  }
}