{
    "C++ Developer": {
      "programming_languages": {
        "C++": {"count": 12},
        "Python": {"count": 3},
        "Bash": {"count": 2},
        "Lua": {"count": 1},
        "MATLAB": {"count": 1},
        "Mathcad": {"count": 1},
        "Borland C++": {"count": 1},
        "Intel C++": {"count": 1},
        "CMake": {"count": 1},
        "С++": {"count": 1}
      },
      "databases": {
        "PostgreSQL": {"count": 2},
        "MS SQL": {"count": 2},
        "MySQL": {"count": 2}
      },
      "tools": {
        "Linux": {"count": 4},
        "Git": {"count": 3},
        "Docker": {"count": 1},
        "RabbitMQ": {"count": 1},
        "Unit Testing": {"count": 1},
        "Atlassian Jira": {"count": 1},
        "SVN": {"count": 1},
        "CMake": {"count": 1},
        "TCP/IP": {"count": 1},
        "UDP": {"count": 1},
        "Open CV": {"count": 1},
        "CAD": {"count": 1},
        "OpenGL": {"count": 1}
      },
      "libraries": {
        "ООП": {"count": 3},
        "STL": {"count": 3},
        "Boost": {"count": 1},
        "Qt": {"count": 3},
        "MFC": {"count": 2},
        "WinAPI": {"count": 2},
        "C/C++": {"count": 2},
        "Multithread Programming": {"count": 1},
        "Асинхронное программирование": {"count": 1},
        "Low latency": {"count": 1},
        "Data Analysis": {"count": 1}
      },
      "other": {
        "SQL": {"count": 4},
        "Английский язык": {"count": 1},
        "Английский — B1 — Средний": {"count": 2},
        "Ориентация на результат": {"count": 1},
        "ERP": {"count": 2},
        "Управление проектами": {"count": 1},
        "Разработка ПО": {"count": 3},
        "MS Visual C++": {"count": 2},
        "Conan": {"count": 1},
        "Organizational skills": {"count": 1},
        "E-Learning": {"count": 1},
        "Научная деятельность": {"count": 1},
        "Presentation skills": {"count": 1},
        "Лидерские качества": {"count": 1},
        "Веб-программирование": {"count": 1},
        "Организаторские навыки": {"count": 1},
        "Английский — A1 — Начальный": {"count": 1},
        "Разработка робототехники": {"count": 1}
      }
    }
  }
  