{
    "Бизнес-аналитик": {
      "языки программирования": {},
      "технологии": {
        "MS Excel": {"count": 2},
        "Figma": {"count": 1},
        "1С: Предприятие 8": {"count": 1},
        "1C: Предприятие": {"count": 1},
        "Atlassian Confluence": {"count": 2},
        "MS PowerPoint": {"count": 1},
        "ARIS": {"count": 1},
        "APS": {"count": 1},
        "amoCRM": {"count": 1},
        "Sensei": {"count": 1},
        "Miro": {"count": 1}
      },
      "методологии и стандарты": {
        "BPMN": {"count": 4}
      },
      "навыки": {
        "SQL": {"count": 2},
        "Аналитическое мышление": {"count": 3},
        "Atlassian Jira": {"count": 2},
        "Анализ данных": {"count": 1},
        "Удаленная работа": {"count": 1},
        "Agile Project Management": {"count": 1},
        "ERP": {"count": 1},
        "Управление проектами": {"count": 1},
        "Data Analysis": {"count": 1},
        "Английский — A2 — Элементарный": {"count": 1},
        "Бизнес-анализ": {"count": 7},
        "Разработка технических заданий": {"count": 3},
        "Работа в команде": {"count": 1},
        "Работа в условиях многозадачности": {"count": 1},
        "Постановка задач разработчикам": {"count": 2},
        "Системный анализ": {"count": 2},
        "Моделирование бизнес процессов": {"count": 2},
        "Деловая коммуникация": {"count": 2},
        "Оценка потребностей клиентов": {"count": 1},
        "Маркетинговый анализ": {"count": 1},
        "Системное мышление": {"count": 1},
        "Работа с большим объемом информации": {"count": 2},
        "Управление командой": {"count": 1},
        "Техническое сопровождение": {"count": 1},
        "Грамотность": {"count": 1},
        "Цифровизация": {"count": 1},
        "ТОиР": {"count": 1},
        "Оптимизация бизнес-процессов": {"count": 3},
        "Деловая переписка": {"count": 1},
        "ГОСТ 34": {"count": 1},
        "РД 50-34": {"count": 1},
        "Управление производством": {"count": 1},
        "Реинжиниринг бизнес-процессов": {"count": 1},
        "Бизнес-моделирование": {"count": 1},
        "Описание бизнес-процессов": {"count": 1}
      }
    }
  }
  