{
    "1C Developer": {
      "databases": {
        "SQL": {"count": 1},
        "Работа с базами данных": {"count": 1}
      },
      "skills": {
        "Аналитическое мышление": {"count": 1},
        "Бизнес-анализ": {"count": 1},
        "Тестирование интеграций между системами": {"count": 1},
        "Регрессионное тестирование": {"count": 1},
        "Функциональное тестирование": {"count": 1},
        "Тестирование пользовательского интерфейса": {"count": 1},
        "Разработка технических заданий": {"count": 1},
        "автотест": {"count": 1},
        "Проведение тестирований": {"count": 1},
        "Vanessa-Automation": {"count": 1},
        "Уверенный пользователь ПК": {"count": 1},
        "Знание программы 1С": {"count": 1},
        "Знание 1С Предприятие": {"count": 1},
        "приходные и расходные операции": {"count": 1},
        "1С программирование": {"count": 2},
        "Обновление конфигурации 1С": {"count": 1},
        "Создание конфигурации 1С": {"count": 1},
        "Разработка расширений": {"count": 1},
        "Готовность к командировкам": {"count": 1},
        "Ответственный подход к работе": {"count": 1},
        "Работа в команде": {"count": 1},
        "Работа в условиях многозадачности": {"count": 1},
        "Эффективность": {"count": 1},
        "Логика": {"count": 1},
        "Готов к переезду": {"count": 1}
      },
      "1C Products": {
        "1С ЕРП": {"count": 1},
        "1С УТ": {"count": 1},
        "1С: Управление Торговлей": {"count": 4},
        "ERP-системы на базе 1С": {"count": 2},
        "1С: Бухгалтерия": {"count": 3},
        "1С: Предприятие 8": {"count": 2},
        "1С: Розница": {"count": 2},
        "1С: Торговля": {"count": 2},
        "1C: Предприятие": {"count": 1},
        "1C: Бухгалтерия": {"count": 1},
        "1С: Документооборот": {"count": 1},
        "1С: Зарплата и управление персоналом": {"count": 1},
        "1C ERP": {"count": 1}
      }
    }
  }
  