{
    "iOS Developer": {
      "programming_languages": {
        "Swift": {"count": 6},
        "Objective-C": {"count": 1}
      },
      "frameworks": {
        "UIKit": {"count": 2},
        "Combine": {"count": 1},
        "SwiftUI": {"count": 1}
      },
      "tools": {
        "Git": {"count": 1},
        "CocoaPods": {"count": 1}
      },
      "other": {
        "ООП": {"count": 2},
        "HTML": {"count": 1},
        "Английский — A2 — Элементарный": {"count": 1},
        "iOS": {"count": 7},
        "SOLID": {"count": 2},
        "WebSocket": {"count": 1},
        "Проектный менеджмент": {"count": 1},
        "ASO": {"count": 1},
        "Project management": {"count": 1},
        "Product Management": {"count": 1},
        "UI": {"count": 1},
        "UX": {"count": 1},
        "Figma": {"count": 1}
      }
    }
  }
  