{
    "SQL-разработчик": {
      "Основные навыки SQL": {
        "SQL": {"count": 100},
        "T-SQL (Transact-SQL)": {"count": 90},
        "PL/SQL": {"count": 80},
        "PostgreSQL": {"count": 85},
        "MS SQL Server": {"count": 90},
        "Оптимизация запросов": {"count": 80},
        "Хранимые процедуры и функции": {"count": 80}
      },
      "Базы данных и технологии": {
        "ClickHouse": {"count": 50},
        "MySQL": {"count": 50},
        "Oracle Database": {"count": 60},
        "PostGIS": {"count": 40},
        "Большие данные (Big Data)": {"count": 50}
      },
      "Инженерия данных / ETL": {
        "ETL-процессы": {"count": 75},
        "Хранилища данных (DWH)": {"count": 70},
        "Моделирование данных": {"count": 70},
        "SSIS (SQL Server Integration Services)": {"count": 60},
        "BPMN / Диаграммы потоков данных": {"count": 40}
      },
      "Программирование и скрипты": {
        "Python": {"count": 60},
        "Java": {"count": 30},
        "JavaScript": {"count": 30},
        "C#": {"count": 30},
        ".NET Framework": {"count": 40}
      },
      "Инструменты и среды": {
        "MS Excel (продвинутый уровень)": {"count": 80},
        "Power Query / Power Pivot": {"count": 60},
        "Интеграция с 1С": {"count": 30},
        "Bitrix24": {"count": 20},
        "MS Office": {"count": 30},
        "UML / ER-диаграммы": {"count": 50}
      },
      "Аналитика и отчётность": {
        "Анализ данных": {"count": 80},
        "Визуализация данных (Power BI, Tableau и др.)": {"count": 70},
        "Системы отчётности (SSRS и др.)": {"count": 60},
        "Бизнес-анализ": {"count": 60},
        "Статистический анализ": {"count": 50},
        "Математика и аналитическое мышление": {"count": 60}
      },
      "Гибкие навыки (soft skills)": {
        "Решение проблем": {"count": 70},
        "Аналитическое мышление": {"count": 80},
        "Командная работа": {"count": 60},
        "Английский язык — A2 или выше": {"count": 40},
        "Инициативность и энтузиазм": {"count": 30}
      }
    }
  }
  