{
    "PHP Developer": {
      "programming_languages": {
        "PHP": {"count": 8},
        "JavaScript": {"count": 2},
        "HTML": {"count": 2},
        "CSS": {"count": 3},
        "jQuery": {"count": 3},
        "AJAX": {"count": 1}
      },
      "databases": {
        "PostgreSQL": {"count": 1},
        "MySQL": {"count": 7},
        "SOAP": {"count": 2},
        "REST": {"count": 3},
        "API": {"count": 2},
        "REST API": {"count": 1},
        "Flash MySQL": {"count": 1},
        "Bitrix 24": {"count": 1},
        "ClickHouse": {"count": 1},
        "ORM": {"count": 1},
        "PHPUnit": {"count": 1},
        "LMS": {"count": 1},
        "LMS Moodle": {"count": 1},
        "Mustache": {"count": 1},
        "PHP5": {"count": 1},
        "Memcached": {"count": 1}
      },
      "frameworks": {
        "Symfony": {"count": 3},
        "Laravel": {"count": 1},
        "Yii": {"count": 2},
        "1С-Битрикс": {"count": 2},
        "Bitrix": {"count": 1},
        "Bitrix24": {"count": 1},
        "HTML/CSS": {"count": 1},
        "laravel": {"count": 1},
        "symphony": {"count": 1}
      },
      "other": {
        "Linux": {"count": 1},
        "Git": {"count": 8},
        "SQL": {"count": 1},
        "ООП": {"count": 5},
        "Docker": {"count": 2},
        "RabbitMQ": {"count": 1},
        "CI/CD": {"count": 1},
        "Jira": {"count": 1},
        "Базы данных": {"count": 1},
        "OpenAPI": {"count": 1},
        "XDebug": {"count": 1},
        "Asana": {"count": 1},
        "Стремление к профессиональному росту": {"count": 1},
        "Системность": {"count": 1},
        "Внимательность, ответственность": {"count": 1},
        "Agile Project Management": {"count": 1}
      }
    }
  }
  