{
  "Java Developer": {
    "programming_languages": {
      "Java": {"count": 5},
      "Java EE": {"count": 1},
      "Groovy": {"count": 1},
      "JavaScript": {"count": 1},
      "TypeScript": {"count": 1}
    },
    "web_frameworks": {
      "Spring Framework": {"count": 5},
      "Spring Boot": {"count": 1},
      "Vaadin": {"count": 1},
      "Spring Data": {"count": 1},
      "Spring Cloud": {"count": 1}
    },
    "databases": {
      "PostgreSQL": {"count": 3},
      "Oracle": {"count": 1},
      "SQL": {"count": 1},
      "MS SQL": {"count": 1}
    },
    "tools": {
      "Hibernate ORM": {"count": 3},
      "Kafka": {"count": 1},
      "Git": {"count": 2},
      "Docker": {"count": 1},
      "RabbitMQ": {"count": 1},
      "Kubernetes": {"count": 1},
      "Jenkins": {"count": 1},
      "Gradle": {"count": 1},
      "Apache Maven": {"count": 1},
      "Unit Testing": {"count": 1},
      "Apache Zookeeper": {"count": 1},
      "Hazelcast": {"count": 1}
    },
    "other": {
      "Linux": {"count": 1},
      "Apache Flink": {"count": 1},
      "OpenShift": {"count": 1},
      "Apache Kafka": {"count": 1},
      "ООП": {"count": 1},
      "BPMN": {"count": 1},
      "Camunda": {"count": 2},
      "Английский язык": {"count": 1}
    }
  }
}
