{
    "Oracle Developer": {
      "databases": {
        "PostgreSQL": {"count": 2},
        "ORACLE": {"count": 5},
        "SQL": {"count": 3},
        "ETL": {"count": 3},
        "ORACLE PL/SQL.": {"count": 1},
        "PostgreSQL PL/pgSQL": {"count": 1},
        "Oracle Pl/SQL": {"count": 2},
        "База данных: Oracle": {"count": 1},
        "DWH": {"count": 2},
        "teradata": {"count": 1}
      },
      "technologies": {
        "JavaScript": {"count": 1},
        "SOAP": {"count": 1},
        "HTML": {"count": 1},
        "XML/Xslt": {"count": 1},
        "Xsd": {"count": 1}
      },
      "tools": {
        "Linux": {"count": 1},
        "Atlassian Jira": {"count": 1},
        "Atlassian Confluence": {"count": 1}
      },
      "other": {
        "Базы данных": {"count": 2},
        "СУБД": {"count": 1},
        "SOA": {"count": 1}
      }
    }
  }
  