{
    "C# Developer": {
      "programming_languages": {
        "C#": {"count": 2}
      },
      "databases": {
        "PostgreSQL": {"count": 1},
        "SQL": {"count": 1},
        "MS SQL": {"count": 1},
        "Redis": {"count": 1}
      },
      "frameworks": {
        "ASP.NET": {"count": 2},
        ".net core": {"count": 1}
      },
      "other": {
        "Разработка ПО": {"count": 1},
        "С#": {"count": 1},
        "СУБД": {"count": 1}
      }
    }
  }
  