{
    "Маркетинговый аналитик": {
      "языки программирования": {
        "SQL": {"count": 7},
        "Python": {"count": 3}
      },
      "технологии": {
        "MS Excel": {"count": 1},
        "Google Analytics": {"count": 4},
        "Яндекс.Метрика": {"count": 3},
        "Tableau": {"count": 1}
      },
      "методологии и стандарты": {},
      "навыки": {
        "Аналитическое мышление": {"count": 4},
        "Английский — B1 — Средний": {"count": 1},
        "Анализ данных": {"count": 1},
        "Английский — B2 — Средне-продвинутый": {"count": 2},
        "Математическая статистика": {"count": 1},
        "Сбор и анализ информации": {"count": 2},
        "Аналитика": {"count": 3},
        "Работа с базами данных": {"count": 2},
        "Работа в команде": {"count": 1},
        "Аналитические исследования": {"count": 3},
        "Маркетинговый анализ": {"count": 4},
        "Работа с большим объемом информации": {"count": 2},
        "Управление командой": {"count": 1},
        "Анализ трафика": {"count": 2},
        "Gamedev": {"count": 1},
        "Английский язык (Upper-Intermediate)": {"count": 1},
        "Calltouch": {"count": 1},
        "Веб-аналитика": {"count": 4},
        "Подготовка презентаций": {"count": 1},
        "Визуализация данных": {"count": 3},
        "A/B тесты": {"count": 3},
        "Разработка маркетинговой стратегии": {"count": 1},
        "Internet Marketing": {"count": 1},
        "Прогнозирование": {"count": 1},
        "Маркетинговые исследования": {"count": 2},
        "Интернет маркетинг": {"count": 1},
        "Интернет-реклама": {"count": 1},
        "SEO": {"count": 1},
        "WEB аналитика": {"count": 2},
        "Ad Hoc Analysis": {"count": 1},
        "Креативность": {"count": 1}
      }
    }
  }
  