{
    "JavaScript разработчик": {
      "языки программирования": {
        "JavaScript": {"count": 7},
        "TypeScript": {"count": 2},
        "CSS": {"count": 4},
        "PHP": {"count": 1},
        "HTML": {"count": 4},
        "Vue.js": {"count": 2},
        "CSS3": {"count": 2},
        "Vue": {"count": 1},
        "react": {"count": 1},
        "TtypeScript": {"count": 1},
        "Node.js": {"count": 2},
        "scss": {"count": 1},
        "HTML5": {"count": 1}
      },
      "технологии": {
        "PostgreSQL": {"count": 1},
        "Git": {"count": 3},
        "MySQL": {"count": 2},
        "Firebase": {"count": 1},
        "Google Cloud": {"count": 1},
        "Webpack": {"count": 1},
        "Cordova": {"count": 1},
        "Bitbucket": {"count": 1},
        "Composer": {"count": 1}
      },
      "методологии и стандарты": {
        "ООП": {"count": 2}
      },
      "навыки": {
        "Английский — B1 — Средний": {"count": 1},
        "Atlassian Jira": {"count": 1},
        "Удаленная работа": {"count": 1},
        "Yii": {"count": 1},
        "JS": {"count": 1},
        "PHP5": {"count": 1},
        "Веб-программирование": {"count": 1},
        "Работа в команде": {"count": 1},
        "e2e": {"count": 1},
        "unit тесты": {"count": 1},
        "Мобильные приложения": {"count": 1},
        "Разработка компьютерных Игр": {"count": 1},
        "React": {"count": 1},
        "figma": {"count": 1},
        "Yii2": {"count": 1}
      }
    }
  }
  