{
    "Финансовый аналитик": {
      "языки программирования": {},
      "технологии": {
        "MS SQL Server": {"count": 1},
        "MS PowerPoint": {"count": 1}
      },
      "методологии и стандарты": {},
      "финансовый анализ": {
        "Финансовый анализ": {"count": 3},
        "Финансовое моделирование": {"count": 2},
        "Управленческая отчетность": {"count": 2},
        "Бюджетирование": {"count": 2},
        "Краткосрочное бюджетирование и планирование": {"count": 1},
        "Анализ текущих финансовых показателей": {"count": 1},
        "Финансовое планирование": {"count": 1},
        "Экономический анализ": {"count": 2},
        "Анализ бизнес показателей": {"count": 2}
      },
      "навыки": {
        "SQL": {"count": 1},
        "Аналитическое мышление": {"count": 1},
        "Английский — B1 — Средний": {"count": 1},
        "Математическая статистика": {"count": 1},
        "Сбор и анализ информации": {"count": 1},
        "Аналитика": {"count": 1},
        "Бизнес-анализ": {"count": 1},
        "Системный анализ": {"count": 1},
        "Управленческий учет": {"count": 1},
        "Финансовый контроль": {"count": 1},
        "База данных: Olap": {"count": 1},
        "Статистика": {"count": 1},
        "Аналитические способности": {"count": 1},
        "Умение планировать": {"count": 1},
        "Сводные таблицы": {"count": 1}
      }
    }
  }
  