{
    "Системный аналитик": {
      "языки программирования": {
        "Python": {"count": 1}
      },
      "технологии": {
        "Kafka": {"count": 3},
        "SOAP": {"count": 2},
        "REST": {"count": 3},
        "API": {"count": 2},
        "HTML": {"count": 1},
        "Transact-SQL": {"count": 1},
        "XML": {"count": 1}
      },
      "методологии и стандарты": {
        "BPMN": {"count": 5},
        "Agile Project Management": {"count": 1},
        "Scrum": {"count": 1},
        "UML": {"count": 4},
        "IDEF0": {"count": 1},
        "SLA": {"count": 1}
      },
      "навыки": {
        "Английский язык": {"count": 1},
        "Аналитическое мышление": {"count": 2},
        "Jira": {"count": 2},
        "Сбор и анализ информации": {"count": 3},
        "Аналитика": {"count": 1},
        "Бизнес-анализ": {"count": 1},
        "Функциональное тестирование": {"count": 2},
        "Разработка технических заданий": {"count": 5},
        "Проведение тестирований": {"count": 1},
        "Atlassian Confluence": {"count": 3},
        "Постановка задач разработчикам": {"count": 3},
        "Системный анализ": {"count": 3},
        "Аналитические исследования": {"count": 1},
        "Информационные технологии": {"count": 1},
        "Обучение и развитие": {"count": 1},
        "Разработка инструкций": {"count": 1},
        "Автоматизация процессов": {"count": 1},
        "Моделирование бизнес процессов": {"count": 1},
        "Техническая поддержка": {"count": 1},
        "Проектная документация": {"count": 1},
        "Грамотная речь": {"count": 1},
        "Техническое обслуживание": {"count": 1}
      }
    }
  }
  